{
    "total_clicks": 12,
    "total_time": 25.186128616333009,
    "pairs": 6,
    "score": 5.037225723266602
}