{
    "total_clicks": 4,
    "total_time": 6.444497585296631,
    "pairs": 2,
    "score": 1.288899540901184
}