{
    "total_clicks": 12,
    "total_time": 47.9083251953125,
    "pairs": 6,
    "score": 9.5816650390625
}